holding_name,holding_type,num_funds,total_weight_pct
NVIDIA CORP,equity,11,61.9
Taiwan Semiconductor Manufacturing,equity,10,65.0
AMAZON.COM INC,equity,10,38.06
MICROSOFT CORP,equity,9,46.85
APPLE INC,equity,9,37.62
SAMSUNG ELECTRONICS CO LTD,equity,8,48.56
Samsung Electronics,equity,8,37.5
微软,equity,8,34.91
BROADCOM INC,equity,8,27.27
TAIWAN SEMICONDUCTOR MFG CO LTD,equity,7,47.8
台积电,equity,7,36.44
ISHARES MSCI USA UCITS ETF USD ACC,equity,6,99.26
ISHARES CORE EUR GOVT BOND UCI EUR,bond,6,52.4
ISH S TRES BND 7-10 ETF USD,bond,6,50.44
ISHARES CORE MSCI EUROPE UCITS ETF,equity,6,40.46
ISHARES JPM EM LCAL GVT BD ETF DST,bond,6,31.12
ALPHABET(谷歌母公司),equity,6,25.27
Tencent Holdings,equity,5,35.2
Microsoft,equity,5,31.3
Alibaba Group Holding,equity,5,28.62
英伟达,equity,5,28.58
ALPHABET INC,equity,5,21.66
Johnson & Johnson,equity,5,19.7
ROCHE HOLDING AG,equity,5,18.94
GSK PLC,equity,5,16.04
ISHARES CORE S&P 500 UCITS ETF USD,equity,4,70.9
ISHARES MSCI EMERGING MARKETS UCIT,equity,4,30.48
"Alphabet, Inc.",equity,4,23.67
Tencent Holdings Ltd.,equity,4,22.97
Nvidia,equity,4,22.4
Microsoft Corp.,equity,4,21.63
NVIDIA Corp.,equity,4,20.51
ISHARES $ TREASURY BOND 1-3YR UCIT,bond,4,20.04
ISHARES CORE EURO CORP BOND ETF,bond,4,18.22
SAP SE,equity,4,16.08
"Amazon.com, Inc.",equity,4,15.68
Broadcom,equity,4,15.5
Alphabet,equity,4,15.3
"Apple, Inc.",equity,4,15.04
NOVARTIS AG,equity,4,14.66
苹果,equity,4,14.53
ALPHABET INC-CL A,equity,4,13.8
亚马逊,equity,4,13.14
"Broadcom, Inc.",equity,4,13.02
TAIWAN SEMICONDUCTOR-SP ADR,equity,4,12.5
ELI LILLY & CO,equity,4,11.28
RECKITT BENCKISER GROUP PLC,equity,4,10.3
"Gilead Sciences, Inc.",equity,4,9.47
腾讯,equity,3,25.57
TENCENT HOLDINGS LTD,equity,3,24.95
ICICI BANK LTD,equity,3,18.31
SK HYNIX INC,equity,3,17.95
ALIBABA GROUP HOLDING LTD,equity,3,16.51
HDFC BANK LTD,equity,3,15.77
AstraZeneca PLC,equity,3,14.56
博通,equity,3,14.2
阿斯麦,equity,3,14.04
"ECUADOR REPUBLIC OF, senior bond, Reg S, 6.90%, 7/31/35",bond,3,13.56
SK海力士,equity,3,13.32
Roche Holding AG,equity,3,12.86
施耐德电气,equity,3,11.77
Taiwan Semiconductor,equity,3,11.6
META PLATFORMS INC,equity,3,11.29
阿斯利康,equity,3,11.26
Tencent,equity,3,11.1
渣打银行,equity,3,10.66
宁德时代,equity,3,10.62
BNP PARIBAS SA,equity,3,10.28
UNICREDIT SPA,equity,3,8.68
法国兴业银行,equity,3,7.61
Bank of America,equity,3,7.2
Morgan Stanley,equity,3,7.15
Analog Devices,equity,3,6.1
McKesson Corp.,equity,3,5.69
Oversea-Chinese Banking,equity,3,5.25
ISHARES S&P 500 SWAP UCITS ETF USD,equity,2,37.94
ISHARES $ FLOATING RATE BD UCITS ETF USD,equity,2,37.6
USTN 4.25% 01/31/30,bond,2,19.2
ISHARES $ ULTRASHORT BOND UCITS ETF USD,equity,2,18.8
Invesco Funds-Invesco Asian Equity Fund,equity,2,18.8
AM FLOAT RAT US CORP UC ETF (C),equity,2,18.6
USTN 4.375% 01/31/32,bond,2,18.2
ISHARES CORP BD 0-3YR ESG SRI ETF ACC,equity,2,18.0
USTB 4.5% 11/15/54,bond,2,18.0
ALLIANZ GLOBAL FLOAT RT NTS + WT USD,equity,2,17.8
PRINCIPAL GI FIN UNCON EM FX INC I2 ACC,equity,2,17.2
ISHARES EUR CASH UCITS ETF EDA,cash,2,16.64
ISHARES $ CORP BOND UCITS ETF USD,bond,2,15.94
巴里克黄金公司,equity,2,15.48
TAIWAN SEMICONDUCTOR MANUFACTURING CO LTD,equity,2,14.46
淡水河谷,equity,2,13.99
Tesla,equity,2,13.4
阿里巴巴,equity,2,13.1
VANGUARD USD CORPO 1-3 YEAR BD UCITS ETF,equity,2,13.0
AIA Group Limited,equity,2,12.73
Eli Lilly & Co.,equity,2,12.7
纽蒙特黄金,equity,2,12.58
USTN 4% 07/31/29,bond,2,12.2
ISHARES S CORP BOND UCITS ETF USD,bond,2,11.94
礼来,equity,2,11.93
ISHARES $ SHT DURATION HY CRP BD UCITS E,equity,2,11.6
"Malaysia Government Bond, BONDS, Sr Unsecured, 0417, 3.899%, 11/16/27",bond,2,11.36
SK SQUARE CO LTD,equity,2,11.03
Apple,equity,2,10.5
中国建设银行,equity,2,10.29
伊格尔矿业,equity,2,10.05
USTN 4.625% 02/15/35,bond,2,9.8
"Ping An Insurance (Group) Company of China, Ltd.",equity,2,9.78
TENCENT HLDGS LTD,equity,2,9.2
ISHARES MSCI JAPAN UCITS ETF (,equity,2,9.02
USTN 4.875% 10/31/28,bond,2,9.0
ISH-S $ TRSY BOND 3-7 YR UCITS ETF,bond,2,8.96
金罗斯黄金,equity,2,8.9
"Brazil Notes do Tesouro Nacional Serie F, NOTES, Unsecured, NTNF, 9.46141%, 10/1/31",bond,2,8.84
Novartis AG,equity,2,8.84
BANCO DO BRASIL SA,equity,2,8.74
LLOYDS BANKING GROUP PLC,equity,2,8.64
惠顿贵金属,equity,2,8.63
裕信银行,equity,2,8.4
"AbbVie, Inc.",equity,2,8.27
"India Government Bond, SR UNSECURED, Sr Unsecured, 7.18%, 8/14/33",bond,2,8.19
"China Merchants Bank Co., Ltd.",equity,2,8.17
TSMC,equity,2,8.0
赛峰集团,equity,2,7.9
SAMSUNG ELECTRONICS LTD,equity,2,7.87
罗氏,equity,2,7.79
Alibaba,equity,2,7.6
PDD Holdings,equity,2,7.6
MTU航空发动机,equity,2,7.54
嘉信理财集团,equity,2,7.54
AIA GROUP LTD,equity,2,7.4
HDFC Bank,equity,2,7.2
Xiaomi,equity,2,7.2
E.ON SE,equity,2,7.01
ASML,equity,2,7.0
Amazon.com,equity,2,7.0
Williams Cos Inc,equity,2,6.96
罗氏大药厂,equity,2,6.93
NU HOLDINGS LTD,equity,2,6.9
Intesa Sanpaolo SpA,equity,2,6.72
Carrefour SA,equity,2,6.71
AMUNDI MON MKT SHT TERM (USD)-OV,equity,2,6.6
ROLLS-ROYCE HOLDINGS PLC,equity,2,6.5
Tyson Foods Inc (Packaged Foods & Meat),equity,2,6.3
UNILEVER PLC,equity,2,6.3
Shell PLC,equity,2,6.24
Continental AG,equity,2,6.22
Meta Platforms,equity,2,6.2
ASML Holding NV,equity,2,6.19
ASR NEDERLAND NV,equity,2,6.1
China Merchants Bank,equity,2,6.1
Meituan,equity,2,6.1
Nutrien Ltd (Fertilizers & Agricultural Chemicals),equity,2,6.1
TESLA INC,equity,2,6.08
CAIXABANK SA,equity,2,6.05
Corteva Inc (Fertilizers & Agricultural Chemicals),equity,2,6.0
NATIONAL GRID PLC,equity,2,5.99
Henkel AG & Co KGaA,equity,2,5.96
ING GROEP NV,equity,2,5.92
DEUTSCHE BANK AG,equity,2,5.9
Ping An Insurance Group,equity,2,5.9
AERCAP HOLDINGS NV,equity,2,5.88
Vodafone Group PLC,equity,2,5.84
爱尔兰联合银行,equity,2,5.82
BP PLC,equity,2,5.8
Bristol-Myers Squibb Co,equity,2,5.8
DEUTSCHE BOERSE AG,equity,2,5.8
MORGAN STANLEY,equity,2,5.8
EQUITY RESIDENTIAL REIT,equity,2,5.79
Sanofi SA,equity,2,5.66
ABB LTD,equity,2,5.6
NetEase,equity,2,5.6
RENTOKIL INITIAL PLC,equity,2,5.6
西门子,equity,2,5.54
HYUNDAI MOTOR CO,equity,2,5.53
CF Industries Holdings Inc (Fertilizers & Agricultural Chemicals),equity,2,5.5
AIA Group,equity,2,5.3
AMPHENOL CORP-CL A,equity,2,5.3
TECHTRONIC INDUSTRIES CO LTD,equity,2,5.1
ENGIE SA,equity,2,5.05
WSP GLOBAL INC,equity,2,5.0
Repsol SA,equity,2,4.96
"SK hynix, Inc.",equity,2,4.92
ISHR EM MKT GOV BD IDX (LU) X2 USD,bond,2,4.82
MEDTRONIC PLC,equity,2,4.8
SK hynix,equity,2,4.7
INDUSTRIA DE DISENO TXTL IN SA,equity,2,4.6
Novartis,equity,2,4.6
USTB 4.625% 05/15/44,bond,2,4.6
MEDIATEK INC,equity,2,4.49
Hong Kong Exchanges & Clearing,equity,2,4.3
JPMORGAN CHASE & CO,equity,2,4.2
Shell,equity,2,4.1
DBS,equity,2,4.0
CMS ENERGY CORP,equity,2,3.97
KONE OYJ,equity,2,3.9
Midea Group,equity,2,3.7
"Delta Electronics, Inc.",equity,2,3.54
ICICI Bank,equity,2,3.4
Itau Unibanco Holding SA,equity,2,3.2
USTN 3.75% 08/31/31,bond,2,3.2
USTN 4.25% 05/15/35,bond,2,3.2
Grupo Financiero Banorte SAB de CV,equity,2,3.04
Latam Airlines Group SA,equity,2,3.04
ICICI Bank Ltd.,equity,2,3.02
ORLEN SA,equity,2,2.96
CITIGROUP INC 3.493 10/22/2034,bond,2,2.72
State Bank of India,equity,2,2.6
Allianz,equity,2,2.5
FOXCONN SINGAPORE PTE LTD MTN REGS 3.125 11/04/2031,bond,2,2.14
"Indonesia Treasury Bond, BONDS, Unsecured, FR96, 7.00%, 2/15/33",bond,1,24.78
US T 2.250% 15082027,bond,1,21.22
黄金,equity,1,18.87
ISHARES $ FLOATING RATE BD UCITS ETF USD,bond,1,18.8
"Marshall Islands Government Bond, BONDS, Sr Unsecured, 0316, 3.90%, 11/30/26",bond,1,17.92
US T 3.875% 31072027,bond,1,11.57
MALAYSIA,bond,1,11.31
MALAYSIA 4.64% 07/11/2033,bond,1,11.31
"Malaysia Government Bond, BONDS, Sr Unsecured, 0310, 4.488%, 4/15/30",bond,1,10.6
US T 1.125% 29022028,bond,1,10.32
Nebius,equity,1,9.9
雪佛龙,equity,1,9.86
西得克萨斯中间基原油,equity,1,9.77
埃克森美孚,equity,1,9.75
CHINA,bond,1,9.68
Tencent Holdings Ltd,equity,1,9.59
阿里巴巴集团,equity,1,9.55
TRI-PARTY BOFA SECURITIES INC.,equity,1,9.54
ISHARES $ ULTRASHORT BOND UCITS ETF USD,bond,1,9.4
AM FLOAT RAT US CORP UC ETF (C),bond,1,9.3
壳牌,equity,1,9.05
Alibaba Group Holding Limited,equity,1,9.02
ISHARES CORP BD 0-3YR ESG SRI ETF ACC,bond,1,9.0
SIEMENS AG,equity,1,9.0
强生公司,equity,1,8.91
ALLIANZ GLOBAL FLOAT RT NTS + WT USD,bond,1,8.9
ROLOGIS INC,equity,1,8.7
PRINCIPAL GI FIN UNCON EM FX INC I2 ACC,bond,1,8.6
THAILAND,bond,1,8.6
THAILAND 3.30% 17/06/2038,bond,1,8.6
银,equity,1,8.58
Link Real Estate Investment Trust,equity,1,8.51
Capitaland Ascendas REIT,equity,1,8.46
道达尔,equity,1,8.41
Amazon,equity,1,8.4
HSBC Holdings Plc,equity,1,8.4
ALLIANZ SE,equity,1,8.2
Capitaland Integrated Commercial Trust,equity,1,8.17
BARRICK MINING CORP,equity,1,8.15
USTN 4.25% 01/15/34,bond,1,8.0
USTN 4.25% 11/15/34,bond,1,8.0
Meta Platforms 'A',equity,1,7.6
AGRICUL DEV BK,bond,1,7.56
AGRICUL DEV BK 4.65% 11/05/2028,bond,1,7.56
PHILIPPINES,bond,1,7.41
PHILIPPINES 6.25% 14/01/2036,bond,1,7.41
Eli Lilly & Co,equity,1,7.4
RELIANCE INDUSTRIES LTD,equity,1,7.2
Broadcom Inc,equity,1,7.12
普洛斯公司,equity,1,7.08
EURO-Bobl FUTURE MAR26 OEH6,equity,1,7.0
TSY INFL IX N/B ILX FIX 0.125% 15.01.32,bond,1,7.0
WELLTOWER INC,equity,1,6.97
嘉能可,equity,1,6.93
Invesco US Dollar Liquidity,cash,1,6.9
"Malaysia Government Bond, BONDS, Sr.Unsecured, 0417, 3.899%, 11/16/27",bond,1,6.9
US TSY 4.63% 30/04/2029,bond,1,6.88
巴西石油,equity,1,6.86
天然气,equity,1,6.65
铜,equity,1,6.65
Taiwan Semiconductor Manufacturing Company,equity,1,6.58
平安保险,equity,1,6.57
CHINA CONSTRUCTION BANK CORP,equity,1,6.5
Canadian Pacific Kansas City,equity,1,6.5
VANGUARD USD CORPO 1-3 YEAR BD UCITS ETF,bond,1,6.5
Alphabet Inc,equity,1,6.47
TE Connectivity PLC,equity,1,6.24
ARPARA TECHNOLOGIES INC,equity,1,6.22
"Korea Treasury Bond, BONDS, Sr Unsecured, 2809, 3.50%, 9/10/28",bond,1,6.21
NU HOLDINGS LTD/CAYMAN ISLANDS,equity,1,6.2
"Upgraya Government International Bond, 3.875%, 7/02/40",bond,1,6.2
"SK Hynix, Inc.",equity,1,6.15
TRI-PARTY TD SECURITIES (USA) LLC,equity,1,6.11
META PLATFORMS INC CLASS A,equity,1,6.04
美国银行,equity,1,5.91
AbbVie Inc,equity,1,5.9
"Treasury Corp of Victoria, LOCAL GOVT GUARN, Sr Unsecured, MTN, 2.00%, 11/20/37",bond,1,5.81
INVITATION HOMES INC,equity,1,5.8
ISHARES $ SHT DURATION HY CRP BD UCITS E,bond,1,5.8
US Department of The Treasury 3.88% 30/06/30,bond,1,5.8
沃尔玛墨西哥与中美洲,equity,1,5.75
Svenska Handelsbanken,bond,1,5.74
SIEMENS ENERGY AG,equity,1,5.73
DEUTSCHE TELEKOM AG,equity,1,5.7
PUBLIC STORAGE,equity,1,5.7
United Kingdom of Great Britain And Northern Ireland 4.50% 07/03/35,bond,1,5.7
北方银行,equity,1,5.67
SUNRUN INC,equity,1,5.66
NEXTPOWER INC CL A,equity,1,5.65
苏格兰南方能源公司,equity,1,5.6
SSE plc,equity,1,5.57
力拓集团,equity,1,5.55
北方之星资源,equity,1,5.55
新纪元能源,equity,1,5.51
Mitsubishi UFJ Financial Group Inc,equity,1,5.49
Keppel DC REIT,equity,1,5.45
US T 3.625% 31082029,bond,1,5.45
LOCALIZA RENT A CAR SA,equity,1,5.44
安格鲁阿散蒂黄金有限公司,equity,1,5.44
CCB 4-Mth 5.8% 01/03/2024,bond,1,5.42
Credit Industriel Et Commercial,bond,1,5.42
NVIDIA Corp,equity,1,5.4
OCBCSP 2-Mth 4.71% 04/03/2024,bond,1,5.4
易昆尼克斯,equity,1,5.39
CHINA 3.60% 21/05/2030,bond,1,5.37
Meta(脸书母公司),equity,1,5.37
Mapletree Pan Asia Commercial Trust,equity,1,5.35
CAMECO CORP,equity,1,5.33
Rolls-Royce,equity,1,5.3
Nornchukin Bank,bond,1,5.22
AMERICAN HOMES 4 RENT,equity,1,5.2
纽蒙特黄金公司,equity,1,5.2
大豆,equity,1,5.19
Autobahn Funding,bond,1,5.18
CCB 2-Mth 5.28% 18/03/2024,bond,1,5.12
BBG Bank,bond,1,5.11
DIGITAL RLTY TR INC,equity,1,5.1
FRESENIUS MEDICAL CARE AG & CO. KGAA,equity,1,5.1
SINGAPORE TELECOMMUNICATIONS LTD,equity,1,5.1
泰科电子,equity,1,5.1
China Construction Bank,bond,1,5.09
Barton Capital,bond,1,5.07
Landesbank Baden-Wurttemberg,bond,1,5.06
Nationwide Building Society,bond,1,5.06
"Malaysia Government Bond, BONDS, Sr Unsecured, D417, 3.899%, 11/16/27",bond,1,5.04
NRW.Bank,bond,1,5.04
TREASURY BILL null% 14/03/2024,bond,1,5.03
中国平安保险,equity,1,5.03
AppLovin 'A',equity,1,5.0
EQUITY LIFESTYLE PPTY'S INC,equity,1,5.0
INFOSYS LTD,equity,1,5.0
REGIONAL SAB DE CV,equity,1,5.0
SAMSUNG ELECTRO-MECHANICS CO LTD,equity,1,5.0
Sony Group Corp,equity,1,5.0
NZ T 1.500% 15052031,bond,1,4.97
SOUTHERN COPPER CORP,equity,1,4.96
US TSY 4.13% 31/10/2027,bond,1,4.96
Entergy Corp,equity,1,4.93
ALPHABET INC CL A,equity,1,4.9
US TREASURY N/B FIX 3.875% 30.09.32,bond,1,4.9
BANK OF CHINA LTD (SYDNEY BRANCH) RegS 5.95% 07/05/2024,bond,1,4.89
"Government of Norwegian, Reg S, 1.75%, 2/17/27",bond,1,4.89
林德集团,equity,1,4.86
GRUPO AEROPORTUARIO DEL SURESTE SAB DE CV,equity,1,4.85
Thermo Fisher Scientific Inc,equity,1,4.85
布伦特原油,equity,1,4.84
EXPORT-IMPORT BK,bond,1,4.82
EXPORT-IMPORT BK 3.23% 23/03/2030,bond,1,4.82
花旗集团,equity,1,4.82
VONOVA SE,equity,1,4.8
Mapletree Logistics Trust,equity,1,4.79
"Meta Platforms, Inc.",equity,1,4.79
英国国家电力供应公司,equity,1,4.78
埃尔拉多黄金,equity,1,4.77
康菲石油,equity,1,4.77
SLB Ltd,equity,1,4.76
TC ENERGY CORP,equity,1,4.76
FIRST SOLAR INC,equity,1,4.75
NEXGEN ENERGY LTD,equity,1,4.75
威廉姆斯公司,equity,1,4.75
SUNCOR ENERGY INC (CANADA),equity,1,4.74
加拿大自然资源,equity,1,4.73
BANCO BRADESCO SA,equity,1,4.7
GRUPO MEXICO SAB DE CV,equity,1,4.7
China Construction Bank Corporation,equity,1,4.69
ANGLO AMERICAN PLC,equity,1,4.66
Mitsubishi Electric Corp,equity,1,4.63
United States Treasury Bill,bond,1,4.63
Frasers Centrepoint Trust,equity,1,4.61
CAMDEN PROPERTY TRUST,equity,1,4.6
优步,equity,1,4.6
Vertex Pharmaceuticals Inc,equity,1,4.54
NEXTPOWER INC,equity,1,4.53
万喜,equity,1,4.53
玉米,equity,1,4.51
Autodesk Inc,equity,1,4.5
LAM RESEARCH CORP,equity,1,4.5
奋进矿业,equity,1,4.47
恩智浦半导体,equity,1,4.47
CARDINAL HEALTH INC,equity,1,4.46
三星电子,equity,1,4.43
艾伯维,equity,1,4.43
COMMERZBANK AG,equity,1,4.4
Snowflake,equity,1,4.4
美国金德摩根公司,equity,1,4.4
EDP RENOVAVEIS SA,equity,1,4.35
"Philippine Government Bond, BONDS, Sr Unsecured, 0770, 6.375%, 7/27/30",bond,1,4.32
CHINA 3.12% 25/10/2052,bond,1,4.31
INTER &CO INC,equity,1,4.3
KB FINANCIAL GROUP INC,equity,1,4.3
Republic of Italy 3.65% 01/08/35,bond,1,4.3
Texas Instruments,equity,1,4.3
Severn Trent Plc,equity,1,4.28
US T 3.625% 31052028,bond,1,4.28
"Government of South Africa, 8.75%, 1/31/44",bond,1,4.24
泛林集团,equity,1,4.24
AIA,equity,1,4.2
AXIS BANK LTD,equity,1,4.2
CoreWeave 'A',equity,1,4.2
PETROLEO BRASILEIRO-PETROBRAS,equity,1,4.2
PT T POL,equity,1,4.2
SAMSUNG C&T CORP,equity,1,4.2
TC Energy Corp.,equity,1,4.2
"Government of South Africa, 8.00%, 1/31/40",bond,1,4.19
第一资本,equity,1,4.19
诺华,equity,1,4.17
ING Groep NV,equity,1,4.16
UnitedHealth Group Inc,equity,1,4.16
EQUINOX GOLD CORP,equity,1,4.15
第一太阳能,equity,1,4.14
ANGLOGOLD ASHANTI PLC,equity,1,4.13
Mapletree Industrial Trust,equity,1,4.11
环汇,equity,1,4.11
DEUTSCHE POST AG,equity,1,4.1
HEALTHPEAK PROPERTIES,equity,1,4.1
MITSUI FUDOSAN CO LTD,equity,1,4.1
PDD HOLDINGS INC,equity,1,4.1
VALE SA,equity,1,4.1
BNP Paribas SA,equity,1,4.09
"India Government Bond, SR UNSECURED, Sr Unsecured, 7.18%, 9/14/33",bond,1,4.09
"India Government Bond, Sr.UNSECURED, Sr.Unsecured, 7.18%, 8/14/33",bond,1,4.09
Teva Pharmaceutical Industries Ltd,equity,1,4.07
TREASURY BILL null% 09/04/2024,bond,1,4.01
三一重工,equity,1,4.01
Amazon.Com,equity,1,4.0
Coca-Cola Europacific Partners,equity,1,4.0
GENTEIRA SAB DE CV,equity,1,4.0
McDonald's Corp (Restaurants),equity,1,4.0
"New South Wales Treasury Corp, LOCAL GOVT GUARN, Sr Unsecured, 2.00%, 3/8/33",bond,1,4.0
TREASURY BILL null% 23/04/2024,bond,1,4.0
"Kazakhstan Government Bond - MEUKAM, BONDS, Unsecured, 10YR, 10.30%, 3/17/31",bond,1,3.97
US T 4.250% 31012030,bond,1,3.96
Xiaomi Corporation,equity,1,3.95
Marks & Spencer Group PLC,equity,1,3.94
"UnitedHealth Group, Inc.",equity,1,3.94
BROOKFIELD RENEWABLE NPV,equity,1,3.93
KLABIN SA,equity,1,3.92
TJX Cos Inc/The,equity,1,3.92
携程,equity,1,3.92
AGNICO EAGLE MINES LTD (ONTARIO),equity,1,3.91
Embassy Office Parks REIT,equity,1,3.91
BERKSHIRE HATHAWAY INC DEL,equity,1,3.9
CIENA CORPORATION,equity,1,3.9
HINDALCO INDUSTRIES LTD,equity,1,3.9
INFINEON TECHNOLOGIES AG,equity,1,3.9
Take-Two Interactive Software,equity,1,3.9
Waste Management Inc (Environmental & Facilities Services),equity,1,3.9
PAN AMERICAN SILVER CORP,equity,1,3.89
"Republic of Kenya Government International Bond, SR UNSECURED, Sr Unsecured, REGS, 9.375%, 2/16/31",bond,1,3.89
洛阳钼业,equity,1,3.86
Etablissements Franz Colruyt NV,equity,1,3.85
BLOCK INC,equity,1,3.84
SHOALS TECHNOLOGIES GROUP A,equity,1,3.84
Stryker Corp.,equity,1,3.84
AGRICULTURAL BANK OF CHINA LTD (HO RegS 5.5% 04/03/2024,bond,1,3.83
APA Group NpV,equity,1,3.83
WEX INC,equity,1,3.83
Deutsche Bank AG,equity,1,3.82
"Government of South Africa, 5.00%, 1/31/40",bond,1,3.82
CATerpillAR INC,equity,1,3.8
FMC Corp (Fertilizers & Agricultural Chemicals),equity,1,3.8
MUENCHENER RUECKVERSICHERUNGS-GESELLSCHAFT AG IN MUENCHEN,equity,1,3.8
维斯塔斯风力系统公司,equity,1,3.8
普睿司曼,equity,1,3.77
KINGSPAN GROUP PLC,equity,1,3.76
MUFG BANK LTD (SYDNEY BRANCH) RegS null% 11/04/2024,bond,1,3.75
"Intuitive Surgical, Inc.",equity,1,3.74
CREDIT AGRICOLE,bond,1,3.73
CREDIT AGRICOLE 3.80% 30/04/2031,bond,1,3.73
Johnson Controls International plc,equity,1,3.71
BOSTON SCIENTIFIC CORP,equity,1,3.7
FORMOSA PLASTICS CORP,equity,1,3.7
LOTTE CHEMICAL CORP,equity,1,3.7
SK INNOVATION CO LTD,equity,1,3.7
Veritiv Holdings Co,equity,1,3.7
XIAOMI CORP,equity,1,3.7
CONTEMPORARY AMPEREX TECHN A,equity,1,3.69
中国宏桥集团,equity,1,3.69
ALAMOS GOLD INC,equity,1,3.68
"Visa, Inc.",equity,1,3.68
费利浦·麦克莫兰铜金公司,equity,1,3.67
OESTEREICH KONTROLLBANK,equity,1,3.66
VERTIV HOLDINGS CO A,equity,1,3.66
DEUTSCHLAND 2.20% 15/02/2034,bond,1,3.64
Suntec Real Estate Investment Trust,equity,1,3.63
INDONESIA,bond,1,3.62
INDONESIA 7.13% 15/06/2043,bond,1,3.62
ITOCHU Corp,equity,1,3.62
网易,equity,1,3.61
DYNO NOBEL LTD,equity,1,3.6
DoorDash 'A',equity,1,3.6
FHR FRN 25042054,bond,1,3.6
FORTIS HEALTHCARE INDIA LTD,equity,1,3.6
HD HYUNDAI ELECTRIC CO LTD,equity,1,3.6
PING AN INSURANCE GROUP CO OF CHINA LTD,equity,1,3.6
Sanofi,equity,1,3.6
Shopify 'A',equity,1,3.6
Wells Fargo,equity,1,3.6
西蒙地产集团,equity,1,3.59
阿拉莫斯黄金,equity,1,3.56
EPIROC AB,equity,1,3.55
BUNGE GLOBAL SA,equity,1,3.5
"European Bank for Reconstruction & Development, SR UNSECURED, Sr Unsecured, EMTN, 8.85%, 10/28/26",bond,1,3.5
HCL TECHNOLOGIES LTD,equity,1,3.5
HKT TRUST AND HKT LTD,equity,1,3.5
INVERCO US TRS BD 1-3 YR ETF USD ACC,equity,1,3.5
INVERSCO US TRS BD 1-3 YR ETF USD ACC,bond,1,3.5
INVESCO US TRS BD 1-3 YR ETF USD ACC,equity,1,3.5
Meituan (Restaurants),equity,1,3.5
Robinhood Markets,equity,1,3.5
Swiss Re AG,equity,1,3.5
UPL LTD,equity,1,3.5
美国洲际交易所,equity,1,3.5
ADVANCED MICRO DEVICES,equity,1,3.49
Aena SME SA,equity,1,3.49
Crowdstrike Holdings Inc,equity,1,3.49
通用汽车,equity,1,3.48
Iberdrola SA,equity,1,3.45
爱德万测试,equity,1,3.45
Coterra Energy Inc,equity,1,3.44
活畜,equity,1,3.43
Nestle SA,equity,1,3.42
Novo Nordisk A/S,equity,1,3.41
Equinor ASA,equity,1,3.4
NOTA DO TESOURO NACIONAL NTNF FIX 10.000% 01.01.35,bond,1,3.4
Sea ADR,equity,1,3.4
Sumitomo Realty & Development Co Ltd,equity,1,3.4
TELKOM INDONESIA PERSERO TBK PT,equity,1,3.4
US TREASURY N/B FIX 4.250% 15.11.34,bond,1,3.4
VINCI SA,equity,1,3.4
ICU Medical Inc,equity,1,3.38
MERCADOLIBRE INC,equity,1,3.38
KOREA,bond,1,3.35
KOREA 1.13% 10/09/2039,bond,1,3.35
金罗斯黄金公司,equity,1,3.35
美光科技,equity,1,3.34
金田有限公司,equity,1,3.33
AMUNDI MON MKT SHT TERM (USD)-OV,bond,1,3.3
Loews,equity,1,3.3
Novo Nordisk,equity,1,3.3
US TREASURY N/B FIX 4.375% 15.05.34,bond,1,3.3
维萨卡,equity,1,3.3
"Brazil Notas do Tesouro Nacional Serie F, NOTES, Unsecured, NTNF, 9.46141%, 10/1/33",bond,1,3.29
"Brazil Notes do Tesouro Nacional Serie F, NOTES, Unsecured, NTNF, 9.46141%, 10/1/33",bond,1,3.29
US TSY 4.00% 31/03/2030,bond,1,3.28
铝,equity,1,3.27
LYNAS RARE EARTH LTD,equity,1,3.26
智利矿业化工,equity,1,3.26
ZUIN MINING GROUP CO LTD,equity,1,3.25
Balchem Corp,equity,1,3.24
SK SQUARE LTD,equity,1,3.24
联合健康,equity,1,3.21
BHARTI AIRTEL LTD,equity,1,3.2
EVOLUTION MINING LTD,equity,1,3.2
IAMGOLD CORP,equity,1,3.2
SANEAMENTO BASICO DE SP (CIA),equity,1,3.2
印地纺,equity,1,3.2
COCA-COLA,equity,1,3.19
Exxon Mobil Corp,equity,1,3.19
"Uruguay Government International Bond, 3.875%, 7/02/40",bond,1,3.19
历峰集团,equity,1,3.19
CONTEMPORARY AMPEREX TECHNOLOGY CO LTD,equity,1,3.18
ORIX Corp,equity,1,3.18
BAE Systems PLC,equity,1,3.16
Hong Kong Exchanges & Clearing Ltd.,equity,1,3.16
Leer Corp,equity,1,3.16
借贷俱乐部,equity,1,3.16
吉利德科学,equity,1,3.16
NetEase Inc,equity,1,3.15
Airbus SE,equity,1,3.13
QNB FINANCE LTD MTN RegS 3.5% 28/03/2024,bond,1,3.13
Verizon Communications Inc,equity,1,3.13
"Government of South Africa, 9.00%, 1/31/40",bond,1,3.12
"Government of South Africa, 9.05%, 15/1/40",bond,1,3.12
BOC AVIATION LTD,equity,1,3.1
Oracle,equity,1,3.1
Teletra Group,equity,1,3.1
US TREASURY N/B FIX 4.250% 15.05.35,bond,1,3.1
"Asian Development Bank, SR UNSECURED, Sr Unsecured, EMTN, 10.10%, 12/2/26",bond,1,3.09
"Asian Development Bank, Sr.UNSECURED, Sr.Unsecured, EMTN, 10.10%, 12/3/26",bond,1,3.09
Siemens AG,equity,1,3.09
Cavco Industries Inc,equity,1,3.08
BAYERISCHE LANDESBK GIRQ,equity,1,3.06
AXA SA,equity,1,3.04
Government Of The United States Of America 0.0% 20-may-2021,bond,1,3.03
默克,equity,1,3.03
瑞银集团,equity,1,3.02
Berkshire Hathaway,equity,1,3.0
Credo Technology,equity,1,3.0
Danone SA (Packaged Foods & Meat),equity,1,3.0
EOG Resources Inc,equity,1,3.0
HCA Healthcare,equity,1,3.0
IBERDROLA SA,equity,1,3.0
LEGRAND SA,equity,1,3.0
Telstra Group,equity,1,3.0
US TREASURY N/B FIX 3.500% 15.10.28,bond,1,3.0
Panasonic Holdings Corp,equity,1,2.99
"India Government Bond, Sr.UNSECURED, Sr.Unsecured, 6.79%, 10/07/34",bond,1,2.98
"NextEra Energy, Inc.",equity,1,2.98
MITSUI FUDOSAN LTD,equity,1,2.97
"India Government Bond, SR UNSECURED, Sr Unsecured, 6.70%, 10/07/34",bond,1,2.96
STANDARD CHARTERED BANK (NEW YORK,equity,1,2.96
Trip.com Group Ltd,equity,1,2.96
EQUINIX REIT INC,equity,1,2.95
Societe Generale SA,equity,1,2.94
United States Treasury Bill,cash,1,2.94
Zijin Mining Group Co Ltd,equity,1,2.94
Government Of The United States Of America 0.0% 31-dec-2020,bond,1,2.93
美敦力,equity,1,2.93
AGCO Corp (Agricultural & Farm Machinery),equity,1,2.9
COGNIZANT TECH SOLUTIONS CORP,equity,1,2.9
ERICSSON,equity,1,2.9
ISUPTASYS CO LTD,equity,1,2.9
KBC GROEP NV,equity,1,2.9
MORGAN STANLEY INVESTMENT FUNDS - EMERGING MARKETS CORPORATE DEBT FUND,equity,1,2.9
Mowi ASA (Packaged Foods & Meat),equity,1,2.9
NETEASE INC,equity,1,2.9
WELLS FARGO & CO NEW,equity,1,2.9
"Noda do Tesouro Nacional, 10.00%, 10/1/25",bond,1,2.89
"Nota do Tesouro Nacional, 10.00%, 10/1/29",bond,1,2.89
"Colombian TES, BONDS, Unsecured, 6.925%, 5/28/42",bond,1,2.86
"United States Treasury Note/Bond, Unsecured, 4.25%, 11/15/34",bond,1,2.86
"Colombian TES, BONDS, Unsecured, 8.925%, 5/28/42",bond,1,2.85
"Colombian TES, BONDS, Unsecured, 8.325%, 5/28/42",bond,1,2.84
SEZZLE INC,equity,1,2.84
West Pharmaceutical Services Inc,equity,1,2.84
巴克莱银行,equity,1,2.83
Option Care Health Inc,equity,1,2.82
AppLovin Corp,equity,1,2.81
Baker Hughes Co,equity,1,2.81
BONOS Y OBLIG DEL ESTADO FIX 4.000% 31.10.54,bond,1,2.8
EMBASSY OFFICE PARKS REIT,equity,1,2.8
East West Bancorp,equity,1,2.8
French Republic 3.50% 25/11/35,bond,1,2.8
KOTAK MAHINDRA BANK LTD,equity,1,2.8
Kubota Corp (Agricultural & Farm Machinery),equity,1,2.8
Robinhood Markets Inc,equity,1,2.8
US TREASURY N/B FIX 2.750% 15.08.32,bond,1,2.8
APPLIED MATERIAL INC,equity,1,2.78
Medtronic PLC,equity,1,2.78
百度,equity,1,2.78
Koninklijke Ahold Delhaize NV,equity,1,2.76
Prysmian SpA,equity,1,2.76
伟尔集团,equity,1,2.76
BRAZIL FEDERATIVE REPUBLIC OF (GOV 10 01/01/2029,bond,1,2.75
"KB Financial Group, Inc.",equity,1,2.75
公民金融集团,equity,1,2.75
King Yuan Electronics,equity,1,2.74
意大利联合圣保罗银行,equity,1,2.74
凯克萨银行,equity,1,2.73
"European Investment Bank, SR UNSECURED, Sr Unsecured, Regs, REG S, 6.50%, 7/11/35",bond,1,2.71
KDDI Corp,equity,1,2.71
BONOS Y OBLIG DEL ESTADO FIX 1.900% 31.10.52,bond,1,2.7
DOOSAN ENERBILTY CO LTD,equity,1,2.7
Deere & Co (Agricultural & Farm Machinery),equity,1,2.7
Koninklijke Ahold Delhaize NV (Food Retail),equity,1,2.7
Standard Chartered,equity,1,2.7
TEXAS INSTRUMENTS INC,equity,1,2.7
Trip.com Group,equity,1,2.7
UNION PACIFIC CORP,equity,1,2.7
万事达,equity,1,2.7
Sumitomo Mitsui Trust Group Inc,equity,1,2.69
Enel SpA,equity,1,2.68
"Colombian TES, BONDS, Unsecured, B, 9.25%, 5/28/42",bond,1,2.66
NATIONAL AUSTRALIA BANK LTD,equity,1,2.66
Tokio Marine Holdings Inc,equity,1,2.66
德意志银行,equity,1,2.66
Knorr-Bremse AG,equity,1,2.65
Ovintiv Inc,equity,1,2.65
Compeq Manufacturing,equity,1,2.64
"International Bank for Reconstruction & Development, SR UNSECURED, Sr Unsecured, EMTN, 6.50%, 4/17/30",bond,1,2.64
Littelfuse Inc,equity,1,2.64
Chemring Group PLC,equity,1,2.63
Federal Home Loan Bank System 0.0% 07-dec-2020,bond,1,2.63
Zijin Mining Group,equity,1,2.63
COLOMBIA (REPUBLIC OF) 7 03/26/2031,bond,1,2.62
Apple Inc.,equity,1,2.61
"Brazil Notas do Tesouro Nacional Serie F, NOTES, Unsecured, NTNF, 9.46141%, 10/1/31",bond,1,2.61
3I GROUP PLC,equity,1,2.6
DBS GROUP HLDGS LTD,equity,1,2.6
DFI RETAIL GROUP HOLDINGS LTD,equity,1,2.6
ELEVANCE HEALTH INC,equity,1,2.6
Exxon Mobil,equity,1,2.6
MCKESSON CORP,equity,1,2.6
Nestle SA (Packaged Foods & Meat),equity,1,2.6
Stanley Black & Decker Inc,equity,1,2.6
Orange SA,equity,1,2.58
"Netflix, Inc.",equity,1,2.57
达能,equity,1,2.57
ASE Technology Holding,equity,1,2.56
PUBLIC STORAGE REIT,equity,1,2.56
Suzuki Motor Corp,equity,1,2.56
Hoya Corp,equity,1,2.55
Federal Home Loan Bank System Frn 04-dec-2020,bond,1,2.54
Hitachi Ltd,equity,1,2.54
Barclays PLC,equity,1,2.53
Marvell Technology Inc.,equity,1,2.53
Advanced Drainage Systems Inc,equity,1,2.52
Contemporary Amperex Technology Co Ltd,equity,1,2.52
Dentsu Group Inc,equity,1,2.52
ALLIANZ,equity,1,2.51
Repligen Corp,equity,1,2.51
ASML HOLDING NV,equity,1,2.5
Contemporary Amperex Technology,equity,1,2.5
Delta Electronics,equity,1,2.5
Deutsche Boerse AG,equity,1,2.5
TELEDYNE TECHNOLOGIES INC,equity,1,2.5
US Department of The Treasury 3.63% 31/10/30,bond,1,2.5
马恒达公司,equity,1,2.5
ALIBABA GROUP HOLDING ADR REPRESENTATIVE,equity,1,2.49
BRAZIL FEDERATIVE REPUBLIC OF (GOV 10 01/01/2031,bond,1,2.49
Eurobank SA,equity,1,2.49
伊比德罗拉,equity,1,2.49
CHENIERE ENERGY INC,equity,1,2.48
NatWest Group PLC,equity,1,2.48
SAMSUNG ELECTRONICS GDS REPRESENT,equity,1,2.48
乐购,equity,1,2.48
"Spain Government Bond, SR UNSECURED, Sr Unsecured, REG S, 144A, 3.15%, 4/30/35",bond,1,2.47
沃尔玛,equity,1,2.47
PetroChina Co Ltd,equity,1,2.46
TORONTO-DOMINION BANK (NEW YORK BR,equity,1,2.46
POLAND (REPUBLIC OF) 4.5 01/25/2031,bond,1,2.45
Alphabet Inc. Class A,equity,1,2.44
OMERS FINANCE TRUST,equity,1,2.44
Simpson Manufacturing Co Inc,equity,1,2.44
Glaxosmithkline plc,equity,1,2.43
波多黎各大众银行,equity,1,2.43
Valmont Industries Inc,equity,1,2.42
AMPHENOL CORP,equity,1,2.41
WIWYNN CORPORATION CORP,equity,1,2.41
APOLLO HOSPITALS ENTERPRISE LTD,equity,1,2.4
Alibaba 2.700 Feb 09 41,bond,1,2.4
BAIDU INC,equity,1,2.4
ESSILORLUXOTTICA,equity,1,2.4
Elite Material,equity,1,2.4
Lenovo 6.536 Jul 27 32,bond,1,2.4
Roche,equity,1,2.4
Takeaway.com NV (Internet Retail),equity,1,2.4
Federal Home Loan Bank System 0.0% 16-dec-2020,bond,1,2.39
铁山公司,equity,1,2.39
Federal Home Loan Bank System Frn 22-feb-2021,bond,1,2.35
Kingboard Laminates Holdings Limited,equity,1,2.35
Trip.com Group Ltd.,equity,1,2.35
OTP银行,equity,1,2.34
TERNA RETE ELETTRICA NAZIONALE,equity,1,2.34
OTP BANK NYRT,equity,1,2.33
Swatch Group AG/The,equity,1,2.33
UNITIE GROUP PLC,equity,1,2.32
Halliburton Co,equity,1,2.31
ASML Holding,equity,1,2.3
Bausch Health Companies Inc.,bond,1,2.3
Fidelity National Info,equity,1,2.3
Fidelity National Information Services,equity,1,2.3
INTERNATIONAL FLAVS & FRAG INC,equity,1,2.3
L3HARRIS TECHNOLOGIES INC,equity,1,2.3
MASTERCARD INC A,equity,1,2.3
Media Investment Development 2.880 Feb 24 27,bond,1,2.3
People'S Republic of China 2.04% 25/11/34,bond,1,2.3
Walt Disney,equity,1,2.3
威瑞森通信,equity,1,2.29
PPL Corporation,equity,1,2.25
Pfizer Inc,equity,1,2.25
Federal Home Loan Bank System 0.0% 09-dec-2020,bond,1,2.24
Rio Tinto PLC,equity,1,2.23
JPMorgan Chase & Co.,equity,1,2.21
ACCENTURE PLC,equity,1,2.2
CHINA MERCHANTS BANK CO LTD,equity,1,2.2
MACOM TECH SOLUTIONS 0.0000 12/15/29,bond,1,2.2
MKS INC 1.2500 06/01/30,bond,1,2.2
REPUBLIC OF IND 8.5% 10/35 RGS,bond,1,2.2
TAWAN SEMICONDUCTOR-SP ADR,equity,1,2.2
AGREE REALTY REIT CORP,equity,1,2.18
NZ T 4.500% 15052030,bond,1,2.18
开市客,equity,1,2.18
GOODMAN GROUP UNITS,equity,1,2.17
China Construction Bank,equity,1,2.16
芝加哥商品交易所,equity,1,2.16
IRON MOUNTAIN INC,equity,1,2.15
NORDEA BANK ABP (NEW YORK BRANCH),equity,1,2.15
奥驰亚,equity,1,2.14
BHP Group Ltd.,equity,1,2.13
ISHARES PHYSICAL GOLD ETC PLC ETF-C,equity,1,2.12
CITIGROUP INC,equity,1,2.1
Haidilao International 2.150 Jan 14 26,bond,1,2.1
ICIL Aero Treasury FRN Jul 07 28,bond,1,2.1
MEXICO (UNITED MEXICAN STATES) (GO 8.5 02/28/2030,bond,1,2.1
ORACLE CORP,equity,1,2.1
United States Treasury Bond,bond,1,2.1
United States Treasury Bond 3.875 Apr 30 30,bond,1,2.1
Ares Management,equity,1,2.09
Federal Home Loan Bank System 0.0% 06-jan-2021,bond,1,2.09
AENA SME SA,equity,1,2.04
KBC BANK NV (NEW YORK BRANCH),equity,1,2.04
COCA-COLA CO/THE,equity,1,2.02
Union Pacific Corp,equity,1,2.02
Federal Home Loan Bank System 0.0% 02-dec-2020,bond,1,2.01
Charles Schwab,equity,1,2.0
FLEX LTD,equity,1,2.0
Government of Japan 2.30% 20/12/54,bond,1,2.0
LUMENTUM HOLDINGS INC 0.5000 06/15/28,bond,1,2.0
McDonalds,equity,1,2.0
MICRON TECHNOLOGY INC,equity,1,1.98
CARETRUST REIT INC,equity,1,1.96
ALEXANDRIA REAL ESTATE EQUITIES RE,equity,1,1.94
泛美白银公司,equity,1,1.92
COHERENT CORP (美国),equity,1,1.9
CORNING INC (美国),equity,1,1.9
Chevron,equity,1,1.9
Eaton,equity,1,1.9
HSBC,equity,1,1.9
LifePoint Health,bond,1,1.9
McDonald's,equity,1,1.9
State Grid Europe Development 2014 3.250 Apr 07 27,bond,1,1.9
PERU (REPUBLIC OF) 7.3 08/12/2033,bond,1,1.86
EUSTREAM AS REGS 1.625 06/25/2027,bond,1,1.85
BAE Systems plc,equity,1,1.84
Bank of China Ltd.,equity,1,1.84
Rio Tinto Ltd.,equity,1,1.84
ALUMINUM CORP OF CHINA LTD,equity,1,1.8
AMPHENOL CORP-CL A (美国),equity,1,1.8
Bocom Leasing Management Hong Kong FRN Jun 26 27,bond,1,1.8
Carrier Global,equity,1,1.8
Herbalife Ltd.,bond,1,1.8
Italy Buoni Poliennali Del Tesoro 4.30% 07/10/54,bond,1,1.8
Nestle,equity,1,1.8
Shanghai Commercial Bank 6.375 Feb 28 33,bond,1,1.8
YONGDA Investment 4.600 Jun 03 28,bond,1,1.8
Allianz SE-Alv Gy,equity,1,1.79
BEIGNET INVESTOR LLC 144A 6.581 05/30/2049,bond,1,1.79
Lite-On Technology,equity,1,1.79
MEXICO (UNITED MEXICAN STATES) (GO 7.5 05/29/2031,bond,1,1.79
SOUTH AFRICA (REPUBLIC OF) 8.25 03/31/2032,bond,1,1.79
FHS FRN 25102053,bond,1,1.77
GERMANY (FEDERAL REPUBLIC OF) 2.3 02/15/2033,bond,1,1.76
POLAND (REPUBLIC OF) 5 10/25/2034,bond,1,1.76
Uni-President Enterprises Corp.,equity,1,1.72
HANWHA LI 6.3%/VAR 6/24/55 RGS,bond,1,1.7
HSBC Holdings,equity,1,1.7
LUMENTUM HOLDINGS INC 0.3750 03/15/32 (美国),bond,1,1.7
MONOLITHIC POWER SYSTEMS INC (美国),equity,1,1.7
TotalEnergies,equity,1,1.7
UMBS 30YR TBA(REG A),bond,1,1.7
Infosys Ltd.,equity,1,1.65
AstraZeneca,equity,1,1.6
EXPT IMP BK KR 4.375% 01/13/36,bond,1,1.6
FTGF WA India Bd Fd,bond,1,1.6
META PLATFORMS INC-CLASS A,equity,1,1.6
NATIONWIDE BUILDING SOCIETY 144A 4.302 03/08/2029,bond,1,1.6
NINETY ONE GSF - EMERGING MARKETS LOCAL CURRENCY DYNAMIC DEBT FUND,equity,1,1.6
PETRONAS CAP 5.34% 4/35 RGS,bond,1,1.6
Secretaria General Del Tesoro Y Financiacion Internacional 4.00% 31/10/54,bond,1,1.6
Travalex,bond,1,1.6
Power Grid Corporation of India Ltd.,equity,1,1.59
STANDARD LIFE ABERDEEN PLC REGS 4.25 06/30/2028,bond,1,1.56
SOUTH AFRICA 6.50% 28/02/2041,bond,1,1.54
POLAND (REPUBLIC OF) 5 10/25/2035,bond,1,1.51
INDONESIA GOVT 6.625% 2/37 RGS,bond,1,1.5
KEYSIGHT TECHNOLOGIES IN (美国),equity,1,1.5
MKS INC 1.2500 06/01/30 (美国),bond,1,1.5
"Novolex Holdings, Inc.",bond,1,1.5
Petroleos Mexicanos,bond,1,1.5
TOTALENERGIES SE,equity,1,1.5
UBS GROUP AG REGS 3.25 02/12/2034,bond,1,1.42
US TSY 20/11/2025,bond,1,1.41
ABB LTD-REG,equity,1,1.4
Banco Santander,equity,1,1.4
EchoStar,bond,1,1.4
HITACHI LTD (日本),equity,1,1.4
MICROCHIP TECHNOLOGY INC CPR 7.5000 03/15/28 (美国),bond,1,1.4
PHILIPPINE GOVT 3.95% 01/20/40,bond,1,1.4
US Department of The Treasury 4.25% 15/05/25,bond,1,1.4
"United States Treasury Note/Bond 4,000 Mar 31 30",bond,1,1.4
United States Treasury Note/Bond 4.000 Mar 31 30,bond,1,1.4
CENTERPPOINT ENERGY INC,equity,1,1.39
MORGAN STANLEY 5.466 01/18/2035,bond,1,1.37
ALPHABET INC CLASS A,equity,1,1.33
BANK OF AMERICA CORP 2.9720 04/02/2033 SERIES MTN,bond,1,1.32
AIB GROUP PLC,equity,1,1.3
AMERICAN ELECTRIC POWER,equity,1,1.3
ASML HOLDING NV-NY REG SHS (荷兰),equity,1,1.3
BP,equity,1,1.3
DIALOG AXIATA PLC,equity,1,1.3
GSK,equity,1,1.3
OPEN TEXT CORP,equity,1,1.3
UNIMICRON TECHNOLOGY CORP,equity,1,1.3
United States Treasury Note/Bond 3.875 Jun 30 30,bond,1,1.3
IMCD NV REGS 3.625 04/30/2030,bond,1,1.28
ALEXANDER FUND TRUST,equity,1,1.23
MEXICO 7.75% 13/11/2042,bond,1,1.22
Deutsche Telekom,equity,1,1.2
FUJIBO HOLDINGS INC,equity,1,1.2
Iberdrola,equity,1,1.2
KOREA EAST WEST 4% 5/4/31 RGS,bond,1,1.2
PRYSMIAN SPA,equity,1,1.2
Radiology Partners,bond,1,1.2
Uniti Group Inc.,bond,1,1.2
MUMBAI INTERNATIONAL AIRPORT LTD REGS 6.95 07/30/2029,bond,1,1.19
UK CONV GILT 1.25 07/22/2027,bond,1,1.18
POLAND 1.75% 25/04/2032,bond,1,1.17
INDONESIA 7.00% 15/05/2027,bond,1,1.16
BARCLAYS PLC REGS 8.875 12/31/2079,bond,1,1.15
APOLLO DEBT SOLUTIONS BD,equity,1,1.13
DEUTSCHE BANK (NY BRNCH)(FXD-FLT) 5.297 05/09/2031,bond,1,1.12
GARTNER INC,equity,1,1.11
AMERICAN EXPRESS CO,equity,1,1.1
LUMENTUM HOLDINGS INC - 144A 0.3750 03/15/32,bond,1,1.1
ONEVIEW HEALTHCARE PLC,equity,1,1.1
PACIFIC BASIN SHIPPING LTD,equity,1,1.1
SINO CHEM O 2.375% 09/23/31 RGS,bond,1,1.1
Sunoco LP,bond,1,1.1
TOYO TANSO CO LTD,equity,1,1.1
TREASURY NOTE 4.125 07/31/2028,bond,1,1.1
United States Treasury Note/Bond 4.250 May 15 35,bond,1,1.1
WESTERN DIGITAL CORP - 3.0000 11/15/28,bond,1,1.1
NATIONWIDE BUILDING SOCIETY REGS 5.75 12/31/2079,bond,1,1.09
AUSTRALIA (COMMONWEALTH OP) 1 11/21/2031,bond,1,1.06
T-MOBILE USA INC,equity,1,1.06
METRO BANK HOLDINGS PLC REGS 12 04/30/2029,bond,1,1.04
BHARTI AIRTEL 3.25% 6/3/31 RGS,bond,1,1.0
CNAC HK FIN 3% 09/22/30 RGS,bond,1,1.0
WONIK MATERIALS CO LTD,equity,1,1.0
PERUSAHAAN LISTRIK NEGARA (PERSERO) MTN REGS 1.875 11/05/2031,bond,1,0.99
ISHARES - AAA CLO ACTIVE U EURHA,bond,1,0.98
柯蒂斯·莱特,equity,1,0.98
BANK OF AMERICA CORP MTN 5.872 09/15/2034,bond,1,0.96
E.ON SE MTN REGS 3.448 01/19/2034,bond,1,0.94
NATIONAL AUSTRALIA BANK MTN REGS 4.9549 11/14/2035,bond,1,0.94
BPCE SA MTN REGS 3.625 10/01/2033,bond,1,0.92
博格华纳公司,equity,1,0.92
United Kingdom Gilt 4.125 Jul 22 29,bond,1,0.9
WELLS FARGO & COMPANY - CPR 7.5000 03/15/98,bond,1,0.9
GREENKO (JPM STRUCTURED) MTN 13 02/03/2028,bond,1,0.89
MTR CORPORATION CL LTD NC10.5 MTN REGS 5.625 12/31/2079,bond,1,0.89
TETRA TECHNOLOGIES INC COMMON,equity,1,0.88
LAUCC 25-1 A REGS,bond,1,0.87
NOW Inc,equity,1,0.87
CAPSTONE COPPER C CAD NPV,equity,1,0.86
CECO Environmental Corp,equity,1,0.86
RESURGENT TRADE & INVESTMENT LTD REGS 9.52 12/05/2027,bond,1,0.85
Resideo Technologies Inc,equity,1,0.85
Select Water Solutions Inc,equity,1,0.85
ACROPOLIS TRADE & INVESTMENTS PIK REGS 11.035 04/02/2028,bond,1,0.84
MINOR INTERNATIONAL PCL REGS 2.7 12/31/2079,bond,1,0.84
Astronics Corp,equity,1,0.83
FormFactor,equity,1,0.83
Orion Group Holdings Inc,equity,1,0.83
PEPAU 25-1 A1A REGS,bond,1,0.83
BRIGHT HORIZONS FAMILY SOLUTIONS I,equity,1,0.81
"BankUnited, Inc.",equity,1,0.81
JPMORGAN CHASE & CO 2.9630 25/01/2033 SERIES CORP,bond,1,0.81
Bundesobligation 2.400 Apr 18 30,bond,1,0.8
MORGAN STANLEY - 5.9480 01/19/38,bond,1,0.8
SANDISK CORP,equity,1,0.76
DONALDSON INC,equity,1,0.7
United Kingdom Gilt 0.500 Jan 31 29,bond,1,0.7
AMAZON COM INC,equity,1,0.68
野村房地产,equity,1,0.68
MORGAN STANLEY 5.1920 17/04/2031 SERIES CORP,bond,1,0.65
WELLS FARGO & COMPANY 5.4990 23/01/2035 SERIES CORP,bond,1,0.65
伊克赛尔服务,equity,1,0.63
AMAZON.COM INC 5.4500 20/11/2055 SERIES CORP,bond,1,0.62
Dai-ichi Life Insurance 6.200 Perp,bond,1,0.6
Meiji Yasuda Life Insurance 5.800 Sep 11 54,bond,1,0.6
皇冠控股,equity,1,0.6
IG集团,equity,1,0.58
IBERDROLA INTL BV 1.8740 PERP REGS,bond,1,0.57
GNMA2 30YR TBA CASH 5.0 31-DEC-2049,bond,1,0.56
ITT INC,equity,1,0.56
UMBS 30YR TBA CASH 4.5,bond,1,0.56
AMP BANK LTD 4.2981 19-NOV-2026 (SENIOR UNSECURED),bond,1,0.54
BOOKING HOLDINGS INC 4.0000 01/03/2044 SERIES CORP,bond,1,0.51
ESSENTIAL UTILITIES INCORPORATED 2.4000 01/05/2031,bond,1,0.51
Bank of New Zealand 5.698 Jan 28 35,bond,1,0.5
Bayer 5.500 Sep 13 54,bond,1,0.5
Pfizer Investment Enterprises 5.300 May 19 53,bond,1,0.5
COTY INC 5.6000 15/01/2031 SERIES 144A,bond,1,0.49
GERMANY (FEDERAL REPUBLIC OF) 0.0000 18/03/2026 SERIES 364D,bond,1,0.49
GAZPROM,equity,1,0.01
SBERBANK ROSSI,equity,1,0.01
MAGNITOGORSKIY METALLURGICHESKIY K,equity,1,0.0
NK LUKOIL,equity,1,0.0
NK ROSNEFT,equity,1,0.0
NOVABEV GROUP,equity,1,0.0
NOVATEK,equity,1,0.0
NOVOLIPETSK STEEL,equity,1,0.0
TATNEFT,equity,1,0.0
TATNEFT PREF,equity,1,0.0
